X,Y,Test or train,Raw prediction,Cumulative prediction,Cloglog prediction
1.0,1.0,train,0.0010867377808599528,49.57610670436999,0.7079796892720052
2.0,2.0,train,8.291115221094049E-4,31.309047935624417,0.6090292158758681
3.0,3.0,train,0.0012619880592411425,67.58164462395462,0.7605559109448299
4.0,4.0,train,0.0015752327582464263,83.3055603715557,0.8320758697903101
5.0,5.0,train,0.0013428765823192497,72.03610633958361,0.7815190776082082
6.0,6.0,train,0.0011601370392642077,58.811523557228405,0.7312759288712303
7.0,7.0,train,0.0012300316515875247,65.40469162738336,0.7517300916348744
8.0,8.0,train,6.269651902411899E-4,20.905838609649265,0.5084316386160656
9.0,9.0,train,0.0011652994866485006,59.523469991491424,0.7328426883947139
10.0,10.0,train,0.0013267110840434815,71.3329629548775,0.7774817498328002
11.0,11.0,train,7.45047908484226E-4,26.434946742973697,0.5699719424525206
12.0,12.0,train,0.0011257248436740365,55.66332581196985,0.7205947369134257
13.0,13.0,train,8.116102247888657E-4,30.48790480800698,0.6012014912686692
14.0,14.0,train,0.0011643954530833904,59.42245755812779,0.7325689830594041
15.0,15.0,train,0.001225331447297976,65.00611658389123,0.7504048146380415
16.0,16.0,train,0.0019851681720512745,98.78706994668956,0.8944500342695215
17.0,17.0,train,0.001149981917658453,57.99379398541054,0.7281670692642936
18.0,18.0,train,0.0014804548014069655,77.52486938614419,0.8130453879524265
19.0,19.0,train,0.0010787431076095342,49.08265195453161,0.7053233050288296
20.0,20.0,train,0.0015692744377270465,82.29072383518208,0.8309387333746242
21.0,21.0,train,7.158818645421031E-4,25.157406239997623,0.5555282909541217
22.0,22.0,train,0.0016557003145302395,90.33131415662608,0.8467044354306228
23.0,23.0,train,0.0015741800310125605,83.07680170905988,0.8318755161727784
24.0,24.0,train,0.0012098532418831447,63.8744976318887,0.7459903438039157
25.0,25.0,train,8.934909272328862E-4,35.282451321866375,0.6365247415987211
26.0,26.0,train,9.750552061101936E-4,40.409373900363896,0.6686005089917761
27.0,27.0,train,0.0010345763827472884,44.813272469021236,0.6902065433330848
28.0,28.0,train,0.0012841742915428148,69.19670116907862,0.766498168320435
29.0,29.0,train,0.001407701867104523,74.78770259683397,0.7969865869240285
30.0,30.0,train,0.0017698695091828733,95.29242406816691,0.8653000001048702
31.0,31.0,train,8.042670939996595E-4,30.002842820453736,0.5978706692846146
32.0,32.0,train,0.0011627995933737583,59.14499200385884,0.7320851357495445
33.0,33.0,train,0.001207726786389281,63.70295553749599,0.7453777975055953
34.0,34.0,train,0.0011172460255657725,54.267360058938316,0.7178984488771529
35.0,35.0,train,0.001960031097015098,98.5885762255277,0.8914015814448627
36.0,36.0,train,0.0013664431482955986,73.25662760350134,0.7872739482518362
37.0,37.0,train,0.0012757682219916014,68.75288476741474,0.7642642785855789
38.0,38.0,train,0.0014716722772791801,77.37673775073455,0.8111763129052706
39.0,39.0,train,2.330882689127321E-4,5.182610042087569,0.23203848554991946
40.0,40.0,train,5.288931086249129E-4,16.78444131757967,0.4506774325708105
41.0,41.0,train,0.0010479478406428453,46.01296785168815,0.6948632146420511
42.0,42.0,train,0.0020029740720413857,99.186933684936,0.8965574932276388
43.0,43.0,train,0.0012472502946066103,66.41802121291113,0.7565252623064394
44.0,44.0,train,3.192624441775391E-4,7.260625598432985,0.30345569790016647
45.0,45.0,train,0.0012465807885073434,66.35593298399554,0.7563405557145867
46.0,46.0,train,9.008102202447954E-4,35.82056155025771,0.6395256604406846
47.0,47.0,train,0.0015101199393148293,78.42760997656126,0.8192229317345519
48.0,48.0,train,0.0016080978329223751,86.35972667509094,0.83821205696242
49.0,49.0,train,0.001134621126576962,56.68276028717169,0.7233960790160263
50.0,50.0,train,0.001535102706448715,79.33787778648195,0.8242667901710967
51.0,51.0,train,0.0016010682458458135,86.09149347975952,0.8369187090155679
52.0,52.0,train,9.399176914755051E-4,38.0094751552268,0.6551449044793491
53.0,53.0,train,0.0011782672686611454,60.565169171966915,0.7367381272309226
54.0,54.0,train,0.0011124591810872534,53.54261956171119,0.7163647434217733
55.0,55.0,train,6.390867896016749E-4,21.637254039382867,0.5151347294725787
56.0,56.0,train,0.0018505677429692356,97.26477616992041,0.8770663992189258
57.0,57.0,train,0.0012233107987219848,64.9272196884299,0.7498328971797918
58.0,58.0,train,0.0011241399616216889,55.3757819347658,0.7200927057534466
59.0,59.0,train,0.0012659899438867406,68.40393725576484,0.7616388250870634
60.0,60.0,train,8.299169798435388E-4,31.397084779772403,0.6093857476457719
61.0,61.0,train,0.0012880269537033932,69.39868737160964,0.7675149161022735
62.0,62.0,train,0.0013710109590845184,73.5303438615922,0.7883717275640268
63.0,63.0,train,0.0016580940764639078,90.66282464187425,0.8471195148292876
64.0,64.0,train,8.073164791599159E-4,30.235552422630512,0.5992572255349191
65.0,65.0,train,0.0011163688926918748,54.044718069387514,0.7176180373336438
66.0,66.0,train,0.001877773633996069,98.01237636934505,0.8807969113951222
67.0,67.0,train,8.00596385388278E-4,29.862393001427243,0.5961952323357371
68.0,68.0,train,5.421672014821695E-4,17.11124741581049,0.45887492006631825
69.0,69.0,train,7.850782955765712E-4,28.596557677393136,0.5890347647321404
70.0,70.0,train,3.633129089441043E-4,8.459760111428936,0.33735719885016613
71.0,71.0,train,8.294493520604796E-4,31.345954538824376,0.6091787941901328
72.0,72.0,train,9.845686413163927E-4,41.215510574690505,0.6721524083516426
73.0,73.0,train,0.0011216049225220885,54.82950394543292,0.7192878244986424
74.0,74.0,train,8.685423968631371E-4,33.58996830952843,0.6261068491695354
75.0,75.0,train,5.913848790847977E-4,19.218018374028308,0.4882161781175455
76.0,76.0,train,6.628109048191498E-4,23.039209456401352,0.5279905045870512
77.0,77.0,train,0.0011136231123843293,53.68922170665775,0.7167384326506969
78.0,78.0,train,0.0012336373787976427,65.62050410598376,0.7527419964415973
79.0,79.0,train,0.0017713055657434913,95.52157142206904,0.8655189250480189
80.0,80.0,train,0.001027695330508565,44.26571819485605,0.6877825583585666
81.0,81.0,train,0.001693228636161952,92.00531964848268,0.8530841353256983
82.0,82.0,train,0.0012409463312348513,66.11565693902585,0.7547805320254256
83.0,83.0,train,0.0015837312623002628,84.65729725495328,0.8336845741957192
84.0,84.0,train,5.643438289770468E-4,18.055502641146187,0.47229822014627876
85.0,85.0,train,0.0013493792685743084,72.33961856022884,0.7831223864001803
86.0,86.0,train,0.0013156292748462972,70.56609322293872,0.7746710523782014
87.0,87.0,train,9.485224926850795E-4,38.56600899181183,0.6584897190327672
88.0,88.0,train,0.0010089439558503297,42.65262723008178,0.6810803213380878
89.0,89.0,train,0.0016141185623311696,87.09900480532546,0.83931163110174
90.0,90.0,train,0.001642591196453215,89.17554971290504,0.8444112422856873
91.0,91.0,train,0.0019152094660412993,98.39255903133862,0.8857458162535893
92.0,92.0,train,0.0015447333746448802,80.10768309646221,0.8261733609382096
93.0,93.0,train,0.0010699668181267745,48.383805673560154,0.7023793823536859
94.0,94.0,train,0.0010556041452890106,46.65725565854642,0.6974979758534349
95.0,95.0,train,0.0016744672112363156,91.3278438961027,0.8499286475182801
96.0,96.0,train,0.001197614207681821,62.70247628638853,0.7424444932462215
97.0,97.0,train,7.897611677655526E-4,29.046990531164287,0.5912088439808075
98.0,98.0,train,0.0017440998586600233,94.31295567136775,0.8613103105820996
99.0,99.0,train,9.129427187600931E-4,36.23329385496711,0.6444455254244315
100.0,100.0,train,0.0015483606675875357,80.339077839458,0.8268860767126825
101.0,101.0,train,0.0011624790679883844,59.03845589482237,0.7319878504214656
102.0,102.0,train,8.436049323974958E-4,32.062949329385404,0.6153951808619051
103.0,103.0,train,0.0011268339519321757,55.84068897502002,0.720945525151495
104.0,104.0,train,0.0010544652600614401,46.56052770603816,0.6971074968707218
105.0,105.0,train,0.0010480755151211804,46.02627204459281,0.6949073388095921
106.0,106.0,train,0.00102154372812654,43.737562942162434,0.6855994835941293
107.0,107.0,train,0.0012002802611592964,63.03213109080403,0.7432210860984523
108.0,108.0,train,0.001077273272628309,49.01778252115821,0.704832300827657
109.0,109.0,train,9.802416645994449E-4,41.02173924750938,0.6705416495232004
110.0,110.0,train,0.0011651532380924257,59.5102017670429,0.7327984291608562
111.0,111.0,train,0.001616992536189115,87.5447245987104,0.8398338707438161
112.0,112.0,train,0.0012186714626701305,64.65378792402481,0.7485148319971897
113.0,113.0,train,0.0015987628210151958,85.61376981852331,0.8364922949317263
114.0,114.0,train,0.0011365609796409066,56.86009769362306,0.7240031778490001
115.0,115.0,train,0.001291078529556278,69.57425972211983,0.7683171078399069
116.0,116.0,train,0.00168317562305474,91.66684644713611,0.851401658103825
117.0,117.0,train,0.0017877500145345913,96.56242901106559,0.868000636993886
118.0,118.0,train,0.001505256826733694,78.27279102460493,0.8182243960058204
119.0,119.0,train,5.724689780712988E-4,18.336705632975953,0.47713250505224725
120.0,120.0,train,4.914377054949728E-4,15.042280664244338,0.42687089329586836
121.0,121.0,train,7.302657327403477E-4,25.762009718042187,0.5627111284490826
122.0,122.0,train,0.0015475603971679657,80.26229270486324,0.8267290856674655
123.0,123.0,train,0.001486116070332139,77.67172936095817,0.8142403869440984
124.0,124.0,train,0.0012661564494759186,68.50432214343554,0.7616837753927398
125.0,125.0,train,0.0016939768939696774,92.34278964682707,0.8532085997381389
126.0,126.0,train,9.915796224532843E-4,41.784691258069415,0.6747456129847247
127.0,127.0,train,7.586869315698658E-4,27.02915343964607,0.5765642733319016
128.0,128.0,train,0.0010642534796819537,47.739326638795326,0.7004471104396133
129.0,129.0,train,0.0010896808730348688,50.071280313127765,0.7089515465941914
130.0,130.0,train,5.865189756137074E-4,19.02518658258776,0.48538767490771517
131.0,131.0,train,7.955422445798748E-4,29.479827151112975,0.5938769210195134
132.0,132.0,train,0.0010959700869587923,50.88213544341572,0.7110175211010297
133.0,133.0,train,0.0016392997658152047,89.0122901376587,0.8438301006392787
134.0,134.0,train,0.0010232042857980332,43.83411597365348,0.686190280370302
135.0,135.0,train,0.0012977820128240553,69.86071477753025,0.7700695997517718
136.0,136.0,train,0.0012396826840292913,65.87818421807755,0.7544292945079442
137.0,137.0,train,9.625435282522797E-4,39.41588628148937,0.6638705469021916
138.0,138.0,train,6.44373219223047E-4,21.932959889364497,0.5180293604317328
139.0,139.0,train,0.0012588384289190238,67.18803378267027,0.7597001590217614
140.0,140.0,train,0.0011955275577488474,62.3472424359982,0.7418350362922732
141.0,141.0,train,0.0011806797934700384,60.958895082576134,0.737456542865126
142.0,142.0,train,0.001111924212250266,53.04938327185624,0.7161928221742135
143.0,143.0,train,0.0012648390404457828,67.99919022274246,0.7613278921129014
144.0,144.0,train,0.0013311145813524013,71.5014967680194,0.7785888578819147
145.0,145.0,train,0.0011535486013023299,58.271807045160585,0.7292630400102644
146.0,146.0,train,0.0010666165421429799,48.01301666846008,0.7012478234682575
147.0,147.0,train,0.0010475364096406746,45.98073105908601,0.6947209810925661
148.0,148.0,train,0.0012274711744557423,65.25144017933731,0.751009010423114
149.0,149.0,train,9.748615422725608E-4,40.33715415759352,0.6685278051644947
150.0,150.0,train,9.555190246039512E-4,38.79312553476361,0.6611854474939408
151.0,151.0,train,3.138859950586254E-4,7.0585746665428015,0.29920092276536925
152.0,152.0,train,0.0010541703102153138,46.535476986248526,0.6970062880150183
153.0,153.0,train,0.0011152081135192794,53.821532568579556,0.7172465180470042
154.0,154.0,train,0.0012655045308367135,68.1870225769104,0.7615077332554567
155.0,155.0,train,0.0011171342228962892,54.23897259568937,0.7178627220527671
156.0,156.0,train,9.320461778939342E-4,37.56713527527757,0.6520564466395995
157.0,157.0,train,0.0011897608256098986,61.51277738588102,0.7401432110320221
158.0,158.0,train,0.0012795039350218063,69.01752863131733,0.7652596603100412
159.0,159.0,train,5.94400881985572E-4,19.33130215042331,0.48996154195469266
160.0,160.0,train,8.131727845257141E-4,30.569333926065415,0.6019066958971946
161.0,161.0,train,9.329689023663386E-4,37.661471522131926,0.6524199121186474
162.0,162.0,train,0.00120054568537275,63.06602669396454,0.7432982730489863
163.0,163.0,train,0.001991790616225976,98.93566754912118,0.89523881780438
164.0,164.0,train,0.0010601877028308324,47.29437336259695,0.6990644143934995
165.0,165.0,train,0.0020262752755701003,99.5896588193169,0.899251930710453
166.0,166.0,train,0.0010336781962700689,44.70574610653146,0.6898912106706971
167.0,167.0,train,0.001360700082350275,73.11979656640015,0.7858856362481912
168.0,168.0,train,8.988032487698202E-4,35.72227622784578,0.6387052738548211
169.0,169.0,train,0.0011986749059848178,62.827121603471326,0.7427537442513974
170.0,170.0,train,8.953031356902765E-4,35.550860140355674,0.6372700682001706
171.0,171.0,train,0.0010820749311727922,49.260109425144286,0.7064332918394228
172.0,172.0,train,0.001318078096717702,70.80339844526252,0.7752951913206766
173.0,173.0,train,0.0012146538610765614,64.3741720435504,0.7473677959807368
174.0,174.0,train,0.0015609402929460806,81.3507574164264,0.8293352446794731
175.0,175.0,train,6.735770043320129E-4,23.495068662716648,0.533711519244902
176.0,176.0,train,4.4737353752771216E-4,12.557045975906808,0.3975396559073173
177.0,177.0,train,0.0015718895413247575,82.55093627269402,0.8314387670282526
178.0,178.0,train,9.508931063735671E-4,38.642961204317906,0.6594054984840989
179.0,179.0,train,7.709796441428047E-4,27.794226403160604,0.5824192408866343
180.0,180.0,train,0.0011009352907028062,51.537873936838004,0.7126382007862637
181.0,181.0,train,0.0011722999986174198,59.99165556764978,0.7349527028524516
182.0,182.0,train,8.587932380755985E-4,32.893200022480286,0.6219551676874695
183.0,183.0,train,8.227233077899624E-4,31.02006871620577,0.6061899553709011
184.0,184.0,train,4.059289769539152E-4,10.534318027218234,0.36858363822796536
185.0,185.0,train,7.91083771110641E-4,29.24643216983536,0.5918207928135376
186.0,186.0,train,4.6604295198483255E-4,13.638194127760453,0.4101458678223885
187.0,187.0,train,0.0014299039694100017,75.81393302803187,0.8020283069740468
188.0,188.0,train,7.971168661810631E-4,29.625563979856647,0.5946006165794924
189.0,189.0,train,0.0011120119830735657,53.18881796217411,0.7162210359511231
190.0,190.0,train,0.0010405406163953334,45.279455651472134,0.6922923306568443
191.0,191.0,train,0.001562571639338181,81.53594377584707,0.8296503081949647
192.0,192.0,train,9.193141612571272E-4,36.68955882600083,0.6470022680431535
193.0,193.0,train,0.0010667048348801658,48.021360298325675,0.7012776995480802
194.0,194.0,train,0.0010014972810283513,42.312175785705705,0.6783789403194502
195.0,195.0,train,0.0012121751659341237,64.27214039036068,0.7466575138373661
196.0,196.0,train,8.616664447879285E-4,33.077038319991765,0.62318349171165
197.0,197.0,train,3.5305617778790303E-4,8.139815845500966,0.3296139555076266
198.0,198.0,train,2.3426099963571106E-4,5.207696301685891,0.23305791838000467
199.0,199.0,train,0.0017865553094145877,96.53731820852613,0.867821891249345
200.0,200.0,train,0.001107592885838862,52.69540688543465,0.7147970346126933
201.0,201.0,train,8.084977581029881E-4,30.325700087964794,0.5997930677400405
202.0,202.0,train,0.0010012243369353962,42.274209931145585,0.6782794926564191
203.0,203.0,train,5.324651222122828E-4,16.86180337314707,0.45289548362158083
204.0,204.0,train,0.001016489045256859,43.32354503336432,0.6837942630265419
205.0,205.0,train,8.11483062246564E-4,30.481278031810522,0.601144046131141
206.0,206.0,train,8.834998477203245E-4,34.526048014541324,0.6323880203586925
207.0,207.0,train,0.0015622468310105752,81.50656924463486,0.829587624055472
208.0,208.0,train,9.467241798540534E-4,38.50763417022131,0.6577933800940355
209.0,209.0,train,6.96940454770334E-4,24.307913906292463,0.5458892718691275
210.0,210.0,train,8.479828749522801E-4,32.34988379391393,0.6172976503378902
211.0,211.0,train,7.033009358019684E-4,24.543426901904517,0.5491491210757701
212.0,212.0,train,7.061733590393276E-4,24.75517739912154,0.5506136040012363
213.0,213.0,train,0.0015958696625395583,85.29404789703378,0.8359555950383634
214.0,214.0,train,0.0011290628950458238,56.06761436669837,0.7216491628998016
215.0,215.0,train,9.201517125864361E-4,36.989278408205806,0.6473369918703336
216.0,216.0,train,0.0011499911024168388,58.00232711488641,0.7281698972474167
217.0,217.0,train,6.170893655658982E-4,20.550394548434177,0.502901985604933
218.0,218.0,train,8.738648159537017E-4,33.94915319379262,0.6283541302970768
219.0,219.0,train,0.001122571378310909,55.05312190086327,0.7195949492536694
220.0,220.0,train,4.907326093030476E-4,14.984555327032398,0.4264129796988564
221.0,221.0,train,1.5360374746756296E-4,3.2197069790835307,0.15969025288508154
222.0,222.0,train,6.367982884254546E-4,21.470998258283295,0.5138762547790088
223.0,223.0,train,0.0017187219061113382,93.37005539552541,0.8572657911564883
224.0,224.0,train,0.0015724268133158628,82.60439681419408,0.8315413154611939
225.0,225.0,train,0.001648420011205024,89.83540445761331,0.8454350888361549
226.0,226.0,train,0.0017540293637179902,94.58759025833203,0.8628614151565629
227.0,227.0,train,9.103201868647835E-4,36.11764545189798,0.6433877794229454
228.0,228.0,train,0.0012292420334333218,65.3574308555401,0.7515079424592923
229.0,229.0,train,0.0020308450912126428,99.79257051524722,0.8997720718156185
230.0,230.0,train,5.759044510376656E-4,18.532807126538877,0.4791631908660303
231.0,231.0,train,0.0010509378123119998,46.32453489613283,0.6958948725326097
232.0,232.0,train,9.907298315124037E-4,41.71087539105343,0.6744323900461848
233.0,233.0,train,0.001239633961259015,65.86902792130522,0.7544157416844008
234.0,234.0,train,6.575279989835119E-4,22.774866729013425,0.525157593770545
235.0,235.0,train,9.661696149043022E-4,39.741447556329696,0.6652482716211796
236.0,236.0,train,0.0013606695860190338,73.114488985164,0.7858782400222701
237.0,237.0,train,8.89612640326663E-5,1.8255023112156725,0.0958546237318858
238.0,238.0,train,0.0014468394092897983,76.48441938687778,0.8057897117677636
239.0,239.0,train,9.721176308003897E-4,40.164649944156984,0.6674959908847452
240.0,240.0,train,0.001105368501636722,52.5978312232934,0.7140775519541758
241.0,241.0,train,0.0013007564733683611,70.05062264513136,0.7708429611398028
242.0,242.0,train,0.0015833086326028198,84.43847191611229,0.833604938869117
243.0,243.0,train,5.054771223561066E-4,15.593345889691598,0.4359128464199885
244.0,244.0,train,0.0012861990712482684,69.27437937557137,0.7670330767241608
245.0,245.0,train,0.0012089313560030015,63.78962073951862,0.7457249667154989
246.0,246.0,train,8.926850395373021E-4,35.23792878885005,0.6361928036709776
247.0,247.0,train,0.001196629023921191,62.58665382922793,0.742156925819685
248.0,248.0,train,0.001631561559358142,88.3584118962679,0.8424552624497852
249.0,249.0,train,0.0012966912823738957,69.79107583264192,0.7697853556872245
250.0,250.0,train,0.00105980951505217,47.24869220533362,0.69893547568162
251.0,251.0,train,8.599427076937406E-4,33.00068831108958,0.6224470569915053
252.0,252.0,train,3.328257531908902E-4,7.702370487987252,0.3140749007144197
253.0,253.0,train,0.0010065141344038078,42.5052015119808,0.6802013742691447
254.0,254.0,train,7.462385553000822E-4,26.501083835166447,0.5705514995089876
255.0,255.0,train,0.0017720858597716049,95.64611588892919,0.8656377306220729
256.0,256.0,train,0.001804268129040379,96.89745649239471,0.8704473617935186
257.0,257.0,train,0.0012777692910992137,68.88682027892341,0.7647979877546077
258.0,258.0,train,0.0016322368450754402,88.52050398921682,0.8425757201733782
259.0,259.0,train,9.319673415717424E-4,37.56328899678481,0.6520253750258564
260.0,260.0,train,0.0010687070633755968,48.24281239342072,0.7019544026662428
261.0,261.0,train,3.315118077266107E-4,7.644279090533916,0.3130532874549271
262.0,262.0,train,0.0016093502765078258,86.57636696834359,0.8384414105727868
263.0,263.0,train,9.428737976419769E-4,38.19423727851284,0.656297664919097
264.0,264.0,train,0.0015657224266924538,81.82007151495169,0.8302571772306845
265.0,265.0,train,8.876463995897124E-4,34.8370217362515,0.6341105493577266
266.0,266.0,train,4.677225228315897E-4,13.72479219436532,0.41126695447425865
267.0,267.0,train,0.001044161294621206,45.74345851253792,0.693551683085088
268.0,268.0,train,7.250289227630749E-4,25.502957241709854,0.560109572387145
269.0,269.0,train,4.884433223671486E-4,14.797134288792456,0.4249237146158401
270.0,270.0,train,5.275974657061727E-4,16.658906689532525,0.4498706792712719
271.0,271.0,train,2.606066199479202E-4,5.76355731412118,0.2556063543825049
272.0,272.0,train,0.0011580825088565317,58.58023761408353,0.7306498430888044
273.0,273.0,train,4.6948447496372036E-4,13.822464397539386,0.4124407393000771
274.0,274.0,train,0.0014655573522810886,77.08251101359585,0.8098639263610947
275.0,275.0,train,8.277612511772951E-5,1.6998224117709306,0.08949810729639085
276.0,276.0,train,8.659664962239081E-4,33.29848482433482,0.6250143537962565
277.0,277.0,train,0.00140592960525207,74.58238240664599,0.7965786454429012
278.0,278.0,train,0.0010413706133667827,45.56433834218115,0.6925814785069357
279.0,279.0,train,0.0010638991528325685,47.5945576495935,0.7003268635095643
280.0,280.0,train,0.0010339828644343608,44.760738926055694,0.6899982086278762
281.0,281.0,train,0.0016009238114260086,85.89879436917374,0.8368920269383834
282.0,282.0,train,5.837080786768726E-4,18.791034940893404,0.48374660937310154
283.0,283.0,train,0.0016281008151251514,88.0319340603037,0.8418364854612059
284.0,284.0,train,0.0015785863821993194,83.54954709444202,0.8327125365038629
285.0,285.0,train,0.0010075932209702516,42.56759311333796,0.6805920143159344
286.0,286.0,train,9.574070551726391E-4,39.080175736083916,0.6619092432787026
287.0,287.0,train,7.866007415722426E-4,28.810015306554966,0.5897428439433008
288.0,288.0,train,9.802079793892547E-4,41.011793741757764,0.6705290788847622
289.0,289.0,train,0.0010179180152745469,43.52680930861378,0.6843056512341004
290.0,290.0,train,0.0011046670793035944,52.26637655975863,0.7138502989438964
291.0,291.0,train,0.0010374947050186339,45.071483797227884,0.6912288876034607
292.0,292.0,train,0.0015519998100677005,80.66407055520997,0.8275981842013208
293.0,293.0,train,0.0015731250203287065,82.76090731078523,0.8316744881477288
294.0,294.0,train,0.001539254038269568,79.79883124592553,0.8250911748263441
295.0,295.0,train,0.0011115298948479362,52.98328194632963,0.7160660349255363
296.0,296.0,train,4.351528827782256E-4,11.732448204482933,0.3891423212330556
297.0,297.0,train,4.6901412338557364E-4,13.791388443039134,0.412127627638758
298.0,298.0,train,0.0010115887070031718,42.83844454426282,0.6820342701300552
299.0,299.0,train,4.695952013265015E-4,13.829780047303595,0.4125144252598415
300.0,300.0,train,9.600259670780126E-4,39.27209116345712,0.6629106706767403
301.0,301.0,train,3.785016633506287E-4,9.126259099618443,0.34865985330176597
302.0,302.0,train,3.439529849108023E-4,7.982259978694443,0.3226658097766655
303.0,303.0,train,7.263983733279217E-4,25.54327546008066,0.560791382366951
304.0,304.0,train,0.0011176549380595153,54.31167032728805,0.7180290793656101
305.0,305.0,train,0.0011203851967663005,54.60362434510647,0.7188997342319121
306.0,306.0,train,0.001041447357799181,45.59067959540327,0.6926082004048622
307.0,307.0,train,7.032223042233634E-7,0.03292497583013338,7.962124292505424E-4
308.0,308.0,train,0.0013847683293201777,73.77951237976453,0.7916439213738938
309.0,309.0,train,5.858442280724762E-4,18.96897916977297,0.48499421839903223
310.0,310.0,train,0.001122234874428156,54.9752895106122,0.7194880516550106
311.0,311.0,train,0.0011120592835271881,53.26396051928816,0.7162362394357545
312.0,312.0,train,0.0012623609581912984,67.62834213962272,0.7606570253042851
313.0,313.0,train,8.657963143204338E-4,33.25998659198148,0.6249420636425562
314.0,314.0,train,0.0012267216267910156,65.16554501858867,0.7507975269048568
315.0,315.0,train,0.0010527074595679186,46.44005144630407,0.6965038265916164
316.0,316.0,train,0.0016984590741651341,92.51400346871797,0.8539519563796196
317.0,317.0,train,0.0016774073548227297,91.44428911022946,0.8504275924897854
318.0,318.0,train,0.0012034767449857853,63.41153933974028,0.7441491014687309
319.0,319.0,train,0.0011817596729121762,61.03763427445725,0.7377774801412602
320.0,320.0,train,7.053837686149907E-4,24.696980263106134,0.5502115121383415
321.0,321.0,train,6.664408774446028E-4,23.154941132092933,0.5299272424084951
322.0,322.0,train,7.701001309209956E-4,27.74803876931496,0.5820030347652433
323.0,323.0,train,8.2655054524986E-4,31.198336020936257,0.6078934487944978
324.0,324.0,train,0.0011908935921624447,61.75119927377726,0.7404764111668067
325.0,325.0,train,2.617685615583014E-4,5.797266677785317,0.25658541700567317
326.0,326.0,train,4.625345945333766E-4,13.466070828776086,0.40779720361283434
327.0,327.0,train,4.956942284336205E-4,15.19281391510994,0.42962747075274943
328.0,328.0,train,0.0010838603215098496,49.36221418664097,0.7070263676238521
329.0,329.0,train,5.705476968293796E-4,18.243892974678,0.4759933981109884
330.0,330.0,train,4.457913992658195E-4,12.482435359978973,0.3964590399716559
331.0,331.0,train,3.8327044753549446E-4,9.520606403825145,0.35216860297418995
332.0,332.0,train,0.001866584935179948,97.63794878575666,0.8792766046111478
333.0,333.0,train,8.082220679861469E-4,30.304661178793744,0.5996680755482742
334.0,334.0,train,0.0015194115895943406,78.87911788530498,0.8211155459504632
335.0,335.0,train,0.0010976205009574375,51.055554533976306,0.7115572402261452
336.0,336.0,train,0.0010585322687745296,47.00266494490204,0.6984996049706629
337.0,337.0,train,0.0013909794808516368,74.0855903429094,0.7931046205104988
338.0,338.0,train,5.851250893730952E-4,18.909073911469328,0.4845745455003728
339.0,339.0,train,4.391170082079711E-4,12.082941626916773,0.3918789887945734
340.0,340.0,train,6.0353460285205E-4,19.746462272600745,0.49521101051926664
341.0,341.0,train,2.856849952666684E-4,6.501008751687453,0.27645403092908316
342.0,342.0,train,9.241911039696863E-4,37.19182372165162,0.6489468661548088
343.0,343.0,train,1.017365452276433E-4,2.1399673683394362,0.1088437395699915
344.0,344.0,train,0.0014026330445525712,74.36564381300403,0.7958176571772084
345.0,345.0,train,0.0011572660948599388,58.52641898622235,0.7304006489843025
346.0,346.0,train,0.0012647146669956847,67.87818068795498,0.7612942665773285
347.0,347.0,train,0.0011026206283219096,51.90652174554674,0.7131862388950716
348.0,348.0,train,3.636776378044597E-4,8.500449694395265,0.33763089530817314
349.0,349.0,train,0.001101701822177661,51.62402502714629,0.7128875912099879
350.0,350.0,train,0.0010991540903478737,51.37496262778076,0.7120578517699563
351.0,351.0,train,0.001086580637895443,49.52729783738899,0.7079277069206126
352.0,352.0,train,0.0015914665882551051,85.02259167704328,0.8351354132312114
353.0,353.0,train,7.910904032381698E-4,29.2474322598375,0.5918238590905271
354.0,354.0,train,1.060111810073004E-4,2.25966914853683,0.11314812630786986
355.0,355.0,train,0.001123249090021272,55.189083995785644,0.719810115137469
356.0,356.0,train,0.0010626086146215338,47.4901781503304,0.6998884888831776
357.0,357.0,train,0.0014623817682034171,76.95373100182489,0.809178787336668
358.0,358.0,train,6.497275367611432E-4,22.25134502135915,0.5209435493035028
359.0,359.0,train,2.859376160126097E-4,6.507230118034107,0.27666103661628105
360.0,360.0,train,4.2455604532717477E-4,11.20118709452026,0.38176608905142717
361.0,361.0,train,7.849205825998054E-4,28.57445752503185,0.5889613436849597
362.0,362.0,train,6.497318742950967E-4,22.251567787024698,0.5209459029312846
363.0,363.0,train,9.871377181730225E-4,41.35283027816935,0.6731050435580321
364.0,364.0,train,9.560453851010348E-4,38.87315293281734,0.6613873887976531
365.0,365.0,train,2.8198728171254927E-4,6.387489517847154,0.273417215009219
366.0,366.0,train,7.274717991108026E-4,25.603987425806118,0.5613250712439134
367.0,367.0,train,7.163059575072176E-4,25.21747674155167,0.5557417478328162
368.0,368.0,train,5.017366868297239E-4,15.428288401842103,0.4335178880340529
369.0,369.0,train,5.424974846505052E-4,17.132512867153068,0.45907732082679986
370.0,370.0,train,3.6276745627907453E-4,8.398908767100695,0.33694767425743666
371.0,371.0,train,3.4571283701274283E-4,8.022678546568057,0.3240146349348766
372.0,372.0,train,0.0010115485476886838,42.81659661424383,0.6820198062186926
373.0,373.0,train,0.0013389379420425934,71.89375185545451,0.7805422043676815
374.0,374.0,train,3.616598669491861E-4,8.275357538930246,0.3361153198466601
375.0,375.0,train,3.3776504858803005E-4,7.840141488178233,0.3179017086285725
376.0,376.0,train,0.0011247216824271874,55.50269464061431,0.7202770777716722
377.0,377.0,train,3.9850997583167004E-4,10.157759833193019,0.3632552410631962
378.0,378.0,train,4.56705094659393E-4,13.128655065395145,0.40387395680992655
379.0,379.0,train,0.0016074927110742323,86.25505204355187,0.8381011274511302
380.0,380.0,train,4.5852122659364574E-4,13.292669216731493,0.405098990805313
381.0,381.0,train,3.1927683095957904E-4,7.261166264336033,0.30346704848236616
382.0,382.0,train,4.5466562662488467E-4,12.958965145339898,0.4024952688274479
383.0,383.0,train,0.0012622886947277173,67.62076251941812,0.7606374338578772
384.0,384.0,train,0.0013959717967303054,74.2055360018174,0.794271254937942
385.0,385.0,train,4.032292258800771E-4,10.376899693722418,0.36664983170255216
386.0,386.0,train,0.001158879715106399,58.66998201440619,0.7308929521412855
387.0,387.0,train,0.0014261094870850282,75.63643447030148,0.8011756025362936
388.0,388.0,train,0.0011964866497890013,62.555679486796485,0.7421153413805983
389.0,389.0,train,0.0011360518101267696,56.812751581030106,0.7238439566154264
390.0,390.0,train,5.044284420330164E-4,15.54133763918481,0.4352424116097684
391.0,391.0,train,0.0016106484038219252,86.75982891946778,0.8386787868758702
392.0,392.0,train,0.0011260782117909927,55.71990887349128,0.7207065478543238
393.0,393.0,train,0.0010955331129296982,50.83627218416715,0.7108744526453605
394.0,394.0,train,4.800234893234932E-4,14.264206562913428,0.4194129635767495
395.0,395.0,train,0.0010169140081259548,43.38394316145965,0.6839464317789028
396.0,396.0,train,0.0010406060502482855,45.30191473594313,0.6923151358622979
397.0,397.0,train,0.0012018660375610701,63.30620352793545,0.7436818947228409
398.0,398.0,train,4.29525349599619E-4,11.400249110625031,0.3852361412441938
399.0,399.0,train,4.0535544597587687E-4,10.500876317852539,0.36817331788076013
400.0,400.0,train,3.524733230148879E-4,8.130633607338142,0.32917122652084385
401.0,401.0,train,2.0476764180119705E-4,4.515203477185309,0.20700415752464363
402.0,402.0,train,2.2257676702122883E-4,4.948735253965638,0.2228403148131105
403.0,403.0,train,3.7667622194370267E-4,9.002425142862768,0.34731171615388245
404.0,404.0,train,2.207700677384014E-4,4.903724930160414,0.2212482899163256
405.0,405.0,train,0.0012899927587875306,69.53232353083708,0.7680320004573917
406.0,406.0,train,9.732392055430875E-4,40.23516109976883,0.6679181328646213
407.0,407.0,train,5.043246750659557E-4,15.536976370686506,0.4351760287451386
408.0,408.0,train,0.001057899178619521,46.85217773640327,0.698283323936256
409.0,409.0,train,0.0017833952685028102,96.10258075734076,0.8673479342061925
410.0,410.0,train,0.0015800002303357288,83.77714360629358,0.8329802237782196
411.0,411.0,train,0.0017245175587416385,93.5423778909153,0.85819972254634
412.0,412.0,train,0.001664582711091067,90.82927141799509,0.8482390034334663
413.0,413.0,train,0.0012520248631413516,66.87507406943308,0.757838439966192
414.0,414.0,train,5.332107938706644E-4,16.877953001601654,0.45335737920877484
415.0,415.0,train,9.99340630263314E-4,42.01223245100972,0.6775923218709147
416.0,416.0,train,0.0012517778449208136,66.86537111184062,0.757770675156791
417.0,417.0,train,0.001711898549449679,93.02636342775021,0.8561583650335632
418.0,418.0,train,0.0017170666661298316,93.28670684983405,0.856997932618309
419.0,419.0,train,0.001754967306844351,94.76259884547895,0.8630070330559177
420.0,420.0,train,0.0010691729422983563,48.294339910755106,0.7021116381133258
421.0,421.0,train,0.0016180718297726015,87.58332847292463,0.84002955419916
422.0,422.0,train,0.001587247036074179,84.81583138892938,0.8343455693442475
423.0,423.0,train,0.0013017292083524646,70.31097626057478,0.7710953079238521
424.0,424.0,train,0.0016116337562749354,86.8988243451749,0.8388587361154356
425.0,425.0,train,0.0016157791413578383,87.38278789415644,0.8396135879532347
426.0,426.0,train,6.731053851874414E-4,23.45774499794132,0.5334623632242541
427.0,427.0,train,0.0015147726818103022,78.57569217107921,0.8201731376754396
428.0,428.0,train,0.0014919309622438402,77.82257505464854,0.8154598615749828
429.0,429.0,train,0.0017634416604799252,95.11549633202009,0.8643157069619835
430.0,430.0,train,0.0012657380906393547,68.2527110798842,0.7615708179819715
431.0,431.0,train,0.0016689987773935225,90.98085581641038,0.8489962185982545
432.0,432.0,train,0.0015674783793771547,82.03349344197001,0.8305944503090121
433.0,433.0,train,0.0015507915495476152,80.572287527201,0.8273620771776857
434.0,434.0,train,0.0016907457895757754,91.8359958629375,0.8526703846914373
435.0,435.0,train,0.0014522505527347002,76.64400321508973,0.8069764100290591
436.0,436.0,train,0.00200515769077718,99.38686518722392,0.8968130269056886
437.0,437.0,train,0.001458344954884276,76.79002541128125,0.8083042711404644
438.0,438.0,train,0.0015735056433906645,82.87463662374523,0.8317470420367901
439.0,439.0,train,0.0016302422347885118,88.23380951619762,0.842219654814254
440.0,440.0,train,0.0015815947033422254,84.02492816444637,0.8332815953066642
441.0,441.0,train,0.0016496279902808316,90.00009173817419,0.8456464292282918
442.0,442.0,train,0.001746419977562572,94.41220102721707,0.8616743036865544
443.0,443.0,train,0.0017369104026210588,93.88937617538912,0.8601762950792652
444.0,444.0,train,0.001693822066066584,92.27285287228327,0.8531828544832492
445.0,445.0,train,0.001704411693349682,92.73866985488677,0.8549333649169455
446.0,446.0,train,0.001613887547337747,87.0597697140498,0.8392695787101221
447.0,447.0,train,0.0015683041319625398,82.13402329349493,0.8307528242626554
