X,Y,Test or train,Raw prediction,Cumulative prediction,Cloglog prediction
1.0,1.0,train,0.0012863423510818554,67.34512929195958,0.7685643659209647
2.0,2.0,train,7.881780783083298E-4,28.68624089584784,0.5920860533128194
3.0,3.0,train,0.0012976901362104056,68.37780519127247,0.7715330452222221
4.0,4.0,train,0.0016491919746655312,93.29495430936045,0.8468385006066692
5.0,5.0,train,0.0014474395119574652,79.06893350914491,0.8073213381153062
6.0,6.0,train,0.0011959316308387047,58.54540751718016,0.7434917589749501
7.0,7.0,train,0.0011918823960655371,58.397948902540435,0.7423073617995763
8.0,8.0,train,5.424782163180093E-4,17.000453558488612,0.46053090857964984
9.0,9.0,train,0.0011703102044537932,57.597610517333486,0.7359047253323089
10.0,10.0,train,0.0014157439936354974,77.0606921404029,0.8002466452040229
11.0,11.0,train,6.18401325645802E-4,21.440561419303556,0.5051726839564166
12.0,12.0,train,0.0012136975203134522,60.11047692652208,0.7486242600004642
13.0,13.0,train,9.473617248258747E-4,37.22367729653983,0.6596565495878137
14.0,14.0,train,0.0011573650473968645,56.081352958918636,0.7319864741413307
15.0,15.0,train,0.0013811705531218575,74.34105985340182,0.7922330345306078
16.0,16.0,train,0.0016264034008638551,91.65237175192716,0.8428156761311667
17.0,17.0,train,0.001169762101337578,57.40033255436619,0.7357399923088848
18.0,18.0,train,0.0015371573819910683,85.5025584159232,0.8260177841309253
19.0,19.0,train,0.0011288085811336003,52.00813146100733,0.7231361867792476
20.0,20.0,train,0.0014943459179703484,81.76282147705714,0.8173340485421408
21.0,21.0,train,6.148974389103928E-4,21.294821674923575,0.5031962059521559
22.0,22.0,train,0.0014251216401583435,77.34493770106215,0.8023664489260267
23.0,23.0,train,0.0018492118757152474,99.81450326829119,0.8780107279990708
24.0,24.0,train,0.001145903278226601,54.009441221092715,0.7284687208523171
25.0,25.0,train,9.771095672730385E-4,39.58027394646133,0.6709822973384569
26.0,26.0,train,9.111904205784613E-4,34.49774794664256,0.6453587068492072
27.0,27.0,train,0.0010795300219403011,47.85162437402218,0.7071708727520318
28.0,28.0,train,0.0012518931352794845,64.3594013567672,0.7593137588183323
29.0,29.0,train,0.0015406079011907622,85.81223394013517,0.8266994310942655
30.0,30.0,train,0.0016570906241516442,94.2872605995206,0.8482086721446058
31.0,31.0,train,6.941809538130338E-4,24.27151317713641,0.5460461980523895
32.0,32.0,train,0.0010892423222150986,48.46952576145543,0.7103886913614332
33.0,33.0,train,0.0012443329065124373,63.79275601357263,0.757234648116937
34.0,34.0,train,0.0011346876704128688,52.75286135355047,0.724981826862247
35.0,35.0,train,0.0017795130286495091,99.08746006369188,0.8679436800260542
36.0,36.0,train,0.0013508421815578832,72.0841836529687,0.7849390981802833
37.0,37.0,train,0.0014728354115941156,80.81813294237611,0.8128086638944247
38.0,38.0,train,0.0015415872785990027,85.92087030668033,0.8268924191789768
39.0,39.0,train,1.8660207591371527E-4,3.727453628185673,0.1912735399094445
40.0,40.0,train,4.4922797839930744E-4,12.814887213062265,0.4001527931852302
41.0,41.0,train,0.0011013703394018364,49.838515788810724,0.7143572696192735
42.0,42.0,train,0.0017153717629799672,96.82188311264584,0.857946874909352
43.0,43.0,train,0.0012790202651349202,66.57381326299003,0.7666284007168045
44.0,44.0,train,3.113889090743177E-4,7.192265827560469,0.29830942863473875
45.0,45.0,train,0.0012777971281757012,66.09281710569962,0.7663034274388054
46.0,46.0,train,9.825661128006567E-4,40.45489387363447,0.6730184582034173
47.0,47.0,train,0.0014602175523931696,80.37755395244102,0.8101021224141425
48.0,48.0,train,0.0015828370911019156,89.31029296142026,0.8348285660834985
49.0,49.0,train,0.001234319880176626,63.048755684527066,0.7544533314682723
50.0,50.0,train,0.0014737175656295942,80.85663827218922,0.8129964375276777
51.0,51.0,train,0.0013862711880901228,75.04239293227262,0.7934351982470754
52.0,52.0,train,9.78541636931087E-4,39.77113458122136,0.6715179114674992
53.0,53.0,train,0.0012014836159559414,59.197732832292125,0.7451068652326442
54.0,54.0,train,9.478396872020556E-4,37.340388066743245,0.659841568187649
55.0,55.0,train,5.479255125300779E-4,17.273261271869227,0.4638638284987001
56.0,56.0,train,0.001569005380025162,88.29867002212664,0.8322088468869688
57.0,57.0,train,0.0012150463606647778,60.52052840312478,0.7490097144680316
58.0,58.0,train,0.0011658812139196991,56.77972115049073,0.7345706438446911
59.0,59.0,train,0.0012095794990984292,59.776548883742,0.7474437979471816
60.0,60.0,train,9.607371008763155E-4,38.69749935142161,0.6647963424674966
61.0,61.0,train,0.0012358270093112303,63.16785538363503,0.7548739947345031
62.0,62.0,train,0.0011383040091773329,53.09307767684882,0.7261109979778895
63.0,63.0,train,0.0015540516542976988,87.14721907912762,0.8293298558737783
64.0,64.0,train,7.168681454693739E-4,25.533904349967052,0.5576132328461466
65.0,65.0,train,0.0010582188225730456,46.14977991292364,0.6999843304059252
66.0,66.0,train,0.0017519767319001374,98.55486419890254,0.863741181681578
67.0,67.0,train,7.330522218209196E-4,26.278107709060617,0.5656841025185049
68.0,68.0,train,4.299074773844347E-4,12.008320140698459,0.38682177988085376
69.0,69.0,train,7.209901618012697E-4,25.795975540369653,0.5596829750860575
70.0,70.0,train,3.13267702389008E-4,7.272264366891972,0.29980767397863683
71.0,71.0,train,7.920410651823359E-4,28.992206119594904,0.5938748466037853
72.0,72.0,train,8.973985550083156E-4,33.26953549582107,0.6397502117763548
73.0,73.0,train,0.0012866331286903265,67.527637024573,0.7686409153065241
74.0,74.0,train,7.80554078265625E-4,28.26675701750328,0.5885325343818693
75.0,75.0,train,5.74608034120938E-4,18.623299256904037,0.47989440772303005
76.0,76.0,train,5.484003093623856E-4,17.302791172973244,0.4641533547748804
77.0,77.0,train,0.0010289926590535178,43.95633261474493,0.6898410531762218
78.0,78.0,train,0.0013115049525345356,69.55445153015981,0.7750957714109897
79.0,79.0,train,0.0017452962383002963,98.37954699864027,0.8627016279188364
80.0,80.0,train,9.007347807332625E-4,33.539709301449406,0.6411149758349202
81.0,81.0,train,0.0014605032911117891,80.52383140917603,0.8101638445532777
82.0,82.0,train,0.0013599141033291268,72.58241917443854,0.7871473259385411
83.0,83.0,train,0.0013652238458928517,73.26623753444869,0.7884292545573182
84.0,84.0,train,5.651192379015225E-4,18.205057693934084,0.4742493125395634
85.0,85.0,train,0.0013897883310320872,75.37887527976746,0.7942600959412232
86.0,86.0,train,0.0013963711125918662,76.07639888203337,0.7957951550405392
87.0,87.0,train,8.549542360499546E-4,31.15362316600132,0.6219275107133019
88.0,88.0,train,0.0010243296778025533,43.3515833694564,0.688191285411005
89.0,89.0,train,0.0015008241016111752,82.30943472930032,0.8186753728352462
90.0,90.0,train,0.001646435582876552,93.12729116026219,0.8463574463714223
91.0,91.0,train,0.0016920713811426236,95.79528364033266,0.8541309031575111
92.0,92.0,train,0.0015346453408279582,84.88580297329419,0.8255198467858994
93.0,93.0,train,0.0010062112639086767,41.757640002501056,0.68169725171304
94.0,94.0,train,0.0011880994218616621,58.19360615642468,0.7411959048466579
95.0,95.0,train,0.001714981836993142,96.65099362107117,0.8578838442776989
96.0,96.0,train,0.0012327076701451902,62.80170094385035,0.7540025392928753
97.0,97.0,train,7.79349324424142E-4,27.995537485354475,0.58796817748312
98.0,98.0,train,0.0015129403226265554,83.51558749196235,0.8211576856907865
99.0,99.0,train,0.001067890622245197,47.10576703109256,0.7032674477297569
100.0,100.0,train,0.0017903235989002164,99.26647088216605,0.8695578980201445
101.0,101.0,train,0.001158457875785189,56.13448839059854,0.7323194870619963
102.0,102.0,train,9.952434429021883E-4,41.28397809467313,0.6777006077321088
103.0,103.0,train,0.001152859586939797,55.042239305627675,0.7306091638991623
104.0,104.0,train,0.0012292763320315636,62.09062176674849,0.7530403412608542
105.0,105.0,train,0.001153768630970383,55.26772489608972,0.7308876256412482
106.0,106.0,train,9.688183490206453E-4,39.09464227566353,0.6678640548560331
107.0,107.0,train,0.0012188527082763673,61.07022006757323,0.7500942598087772
108.0,108.0,train,9.214471154278929E-4,35.08871205882379,0.6494729285074223
109.0,109.0,train,9.33153324873839E-4,35.779006508401636,0.6541102953647671
110.0,110.0,train,0.0011686006182122237,57.199199523485,0.7353905675513572
111.0,111.0,train,0.0017081365757892427,96.13604151227274,0.8567727574027324
112.0,112.0,train,0.0014169302187618,77.09663364708295,0.8005160408277507
113.0,113.0,train,0.0015227519793890533,84.01621940007279,0.8231429270434707
114.0,114.0,train,0.0010663247854808232,46.80149497277872,0.7027383682450203
115.0,115.0,train,0.0012324205868854377,62.76559395116725,0.7539221808020979
116.0,116.0,train,0.0016458551868961517,92.80003288063843,0.8462559614174977
117.0,117.0,train,0.0015652768539842947,88.1418194961524,0.8314955833317175
118.0,118.0,train,0.0015588404638930372,87.84654728325944,0.8302571659161156
119.0,119.0,train,5.430594395231086E-4,17.02956197620153,0.4608875142836686
120.0,120.0,train,4.7012511370943987E-4,13.626937282256524,0.41424559802626515
121.0,121.0,train,8.84677877427362E-4,32.556365210011506,0.6344987197853584
122.0,122.0,train,0.001396540693040056,76.08583181135455,0.795834548333094
123.0,123.0,train,0.0014552861159797621,80.07300567408636,0.8090337202463722
124.0,124.0,train,0.0012811508379738476,66.79134245714445,0.7671933903783144
125.0,125.0,train,0.0016824687758481482,95.45745948242816,0.8525285834853777
126.0,126.0,train,9.671637906501954E-4,39.0351248276881,0.667238264103053
127.0,127.0,train,0.0010095579899942336,41.9689020177462,0.6829068923842698
128.0,128.0,train,0.0012021335805865402,59.290164694606496,0.7452952777081806
129.0,129.0,train,0.0010523533114905578,45.32169947984412,0.6979755983743865
130.0,130.0,train,5.370572177357703E-4,16.68479785414715,0.4571935095480929
131.0,131.0,train,9.578290639474224E-4,38.51233910694046,0.6636855072624481
132.0,132.0,train,0.0011384228327433706,53.12539756054172,0.7261480208558186
133.0,133.0,train,0.0015002975540913332,82.22338219078942,0.8185667185632466
134.0,134.0,train,0.0010587386624737198,46.26811098510999,0.7001617115638427
135.0,135.0,train,0.0011468233614984889,54.35251567833375,0.7287528017763703
136.0,136.0,train,0.0013741927058327685,73.85726797201067,0.7905770918627453
137.0,137.0,train,0.001016130721815627,42.431694235961515,0.6852691775244081
138.0,138.0,train,7.166283364792974E-4,25.51865767881432,0.5574925211959749
139.0,139.0,train,0.0013344826852593756,70.87490249288301,0.7808989104048913
140.0,140.0,train,0.0012974032953831285,68.3506457376196,0.7714584763494452
141.0,141.0,train,0.0012627594708095292,65.04513491482957,0.7622709201430588
142.0,142.0,train,9.759206646696791E-4,39.417103378033275,0.6705369676553345
143.0,143.0,train,0.0013499580717664548,72.03939450563149,0.7847226726698038
144.0,144.0,train,0.0013950283243447732,75.79703942786773,0.7954829587782881
145.0,145.0,train,0.0012229530042604493,61.39445892883904,0.7512573174218053
146.0,146.0,train,8.919846885540439E-4,33.001314993172436,0.637524485341638
147.0,147.0,train,0.0011696645404697147,57.36520955660824,0.7357106595066276
148.0,148.0,train,0.0013037795530157809,68.86992758751973,0.7731103584847061
149.0,149.0,train,8.440185368741382E-4,30.69205155358541,0.617194381069002
150.0,150.0,train,0.0012670333686233654,65.30221501568822,0.7634240371541132
151.0,151.0,train,2.8019352103928825E-4,6.2966411786172465,0.272958851263025
152.0,152.0,train,0.0011621677265773417,56.31384619727458,0.7334468905491835
153.0,153.0,train,0.0012019337086963283,59.26524811528032,0.7452373534542092
154.0,154.0,train,0.0013420600008201171,71.37662826490792,0.7827795763898032
155.0,155.0,train,0.001479586868166548,81.1134358609609,0.8142409795153813
156.0,156.0,train,8.410669530015743E-4,30.56388110038621,0.6159067686235776
157.0,157.0,train,0.0010987278018094921,49.50824171860909,0.7134972275524867
158.0,158.0,train,0.0012222630366659677,61.32822841885744,0.7510619861283037
159.0,159.0,train,5.838554271575201E-4,19.256796307805953,0.48533756234783965
160.0,160.0,train,7.09655193524462E-4,25.158334592089485,0.5539680386905639
161.0,161.0,train,8.901000480177919E-4,32.82311247333082,0.6367464573322266
162.0,162.0,train,0.001205807653622452,59.59772401039186,0.7463577063979628
163.0,163.0,train,0.0018555188886999697,99.9999673211062,0.878882916852793
164.0,164.0,train,0.0010938775343697273,49.06954757951857,0.7119119122348754
165.0,165.0,train,0.0016394276849842186,92.30692325708587,0.8451275909639139
166.0,166.0,train,0.0013123661089096076,69.81417572669594,0.7753160078968517
167.0,167.0,train,0.0013203902235998668,70.34257082492803,0.7773577966211862
168.0,168.0,train,8.809763584003414E-4,32.217024088935425,0.6329562878567746
169.0,169.0,train,0.0012777426399857828,66.06380195272425,0.7662889400358716
170.0,170.0,train,8.239891169469057E-4,29.812825457310918,0.6083711713748073
171.0,171.0,train,0.0011179616440972632,50.839546386602,0.7196984065443416
172.0,172.0,train,0.0013726518344947362,73.6701444683208,0.7902096457665493
173.0,173.0,train,0.0012817701698860143,67.086398460606,0.7673573693371504
174.0,174.0,train,0.001380763299526748,74.27115542945425,0.7921367482542712
175.0,175.0,train,5.915594396904956E-4,19.89171263824848,0.48982873713343267
176.0,176.0,train,4.530042999581854E-4,12.953491415827662,0.40272436924660293
177.0,177.0,train,0.0015089037790247172,83.0621224447508,0.8203344960923052
178.0,178.0,train,0.001000114811998944,41.523454279459074,0.6794818786775547
179.0,179.0,train,7.166084732159626E-4,25.51789051603882,0.5574825212310538
180.0,180.0,train,0.0010358145218841313,44.61624397432189,0.6922389220519518
181.0,181.0,train,0.0012534642434629054,64.54239667090718,0.7597435837791077
182.0,182.0,train,8.291248812032273E-4,29.97075870881187,0.6106527421180873
183.0,183.0,train,9.81890991670028E-4,40.33414892356258,0.6727672151350055
184.0,184.0,train,3.565887819016361E-4,9.048213151883107,0.33348058439749795
185.0,185.0,train,7.139261444317935E-4,25.415446599548485,0.5561300512986485
186.0,186.0,train,6.167790548766521E-4,21.373085115112058,0.5042585702958091
187.0,187.0,train,0.0013111069437564326,69.2902411348021,0.7749939097026424
188.0,188.0,train,7.600512417396228E-4,27.36820631864817,0.5788219183822598
189.0,189.0,train,0.0011683878606226772,57.16618770738273,0.7353265107426419
190.0,190.0,train,0.0011250588733737518,51.68166402664542,0.7219525658147534
191.0,191.0,train,0.0016372079871452574,92.08566456233167,0.8447359945116826
192.0,192.0,train,0.0010421673552286537,44.96350392804015,0.6944552550800063
193.0,193.0,train,0.001031198671632682,44.195806160515545,0.6906184983659134
194.0,194.0,train,9.372907311523142E-4,36.07597356407431,0.6557345960693313
195.0,195.0,train,0.0011866962472438982,58.06846786628038,0.74078242731779
196.0,196.0,train,7.989219130498047E-4,29.20646819844174,0.5970416815288381
197.0,197.0,train,4.6885393027245594E-4,13.533096003651606,0.4133978628224414
198.0,198.0,train,2.5604273096584655E-4,5.54081237994129,0.2527056961165586
199.0,199.0,train,0.0014960949490361029,81.85930559549341,0.8176971646063134
200.0,200.0,train,0.0012978579956161329,68.50595676240171,0.7715766716808016
201.0,201.0,train,7.786385326000652E-4,27.898533066603616,0.5876348499819102
202.0,202.0,train,8.612870961546597E-4,31.329542722748926,0.6246416601839822
203.0,203.0,train,6.538610311435942E-4,22.56450019605843,0.5247377103987096
204.0,204.0,train,0.0011022138954841286,49.897054413542534,0.714631269965139
205.0,205.0,train,9.569064583540716E-4,38.293396222682254,0.6633323143619101
206.0,206.0,train,7.863229599371813E-4,28.52779619541246,0.5912242246903601
207.0,207.0,train,0.001384130897139237,74.7217255619363,0.7929316044801691
208.0,208.0,train,0.0010012845205224974,41.5683868140534,0.6799081279573136
209.0,209.0,train,6.681612505880905E-4,23.178981337711615,0.5324072695098976
210.0,210.0,train,9.466757153007684E-4,37.05616019122904,0.6593908203243171
211.0,211.0,train,6.95643970368426E-4,24.31752853501637,0.5468011544523947
212.0,212.0,train,7.179113867708488E-4,25.60023195950103,0.5581379817639689
213.0,213.0,train,0.001533549273867851,84.58289237449537,0.8253021378370498
214.0,214.0,train,0.0013002143810127175,68.76744028411711,0.7721882148618046
215.0,215.0,train,8.841360768284682E-4,32.50988200659006,0.6342733557588334
216.0,216.0,train,0.0012189038151428932,61.0840603187168,0.7501087897953972
217.0,217.0,train,6.748662714067914E-4,23.627142043154006,0.5359605937963134
218.0,218.0,train,7.279097877444442E-4,26.152316003933244,0.5631357010472571
219.0,219.0,train,0.001133120437485995,52.52644590584988,0.724491026890033
220.0,220.0,train,5.390509782434125E-4,16.80309651685265,0.4584233475799129
221.0,221.0,train,1.6624897825226755E-4,3.2986630718486176,0.1723286378866734
222.0,222.0,train,8.338758024906071E-4,30.152493159927406,0.6127515087233703
223.0,223.0,train,0.0014036385035359844,76.63665581826479,0.7974765617702563
224.0,224.0,train,0.001254381709451613,64.63132471365819,0.7599942297260456
225.0,225.0,train,0.0015722635396512611,88.572458726567,0.832829657461692
226.0,226.0,train,0.0015171596081677637,83.81865480805862,0.822014111239844
227.0,227.0,train,9.44277116888138E-4,36.60414335205216,0.6584600791180204
228.0,228.0,train,0.0011970392320683966,58.784256162404624,0.743814782020066
229.0,229.0,train,0.0016817624151315622,95.13146101075142,0.8524100253776152
230.0,230.0,train,6.087114461579199E-4,20.805396077885323,0.49968750962924724
231.0,231.0,train,0.0010564814800879533,45.84543957163028,0.6993907480196677
232.0,232.0,train,0.0011498099311653615,54.80253066570955,0.7296728755588985
233.0,233.0,train,0.0015269643316204577,84.27643537952638,0.8239884574690097
234.0,234.0,train,7.052058780743491E-4,24.892631127162396,0.5517045351500066
235.0,235.0,train,9.887891716369888E-4,40.826842151550494,0.6753252745899919
236.0,236.0,train,0.001382368519950234,74.54668893084046,0.7925160093066987
237.0,237.0,train,6.467743313871576E-5,1.4615343107728909,0.07094059775179995
238.0,238.0,train,0.0015128231466170938,83.3682374892274,0.8211338427243726
239.0,239.0,train,9.958560225728542E-4,41.323305459067605,0.6779251474096009
240.0,240.0,train,0.0010681536381066331,47.17266554942503,0.7033562255567769
241.0,241.0,train,0.0013199247267912685,70.31477244065954,0.7772398565034052
242.0,242.0,train,0.0013756464203285,73.94973390950985,0.7909231639539791
243.0,243.0,train,4.2058099860070125E-4,11.541306115404504,0.3802809495816435
244.0,244.0,train,0.0012334808896773274,62.92015559755862,0.7542188434110915
245.0,245.0,train,0.0012130716096465444,60.04111890439471,0.7484451941760246
246.0,246.0,train,8.520367773663402E-4,31.07257828294947,0.6206705459906936
247.0,247.0,train,0.0011194010935036216,51.2363745241092,0.7201570643246191
248.0,248.0,train,0.0015042621910339807,82.76025134682254,0.8193832326015079
249.0,249.0,train,0.0013448480586315571,71.74705369999307,0.7834674936250587
250.0,250.0,train,0.0012788632547912691,66.52366919471852,0.7665867101874134
251.0,251.0,train,7.424534923769316E-4,26.662752680080917,0.5703046577050217
252.0,252.0,train,3.503872524534613E-4,8.643647853264115,0.3287614001992455
253.0,253.0,train,0.0010456173159576513,45.08211995917638,0.6956521590467062
254.0,254.0,train,7.38513402163912E-4,26.520285726141285,0.5683741883565838
255.0,255.0,train,0.0014525179081901528,79.78158672916781,0.8084313524018388
256.0,256.0,train,0.001588956459063299,89.87922025545102,0.8359744825950538
257.0,257.0,train,0.0012139541450948345,60.188875511744676,0.7486976405419477
258.0,258.0,train,0.00157533598381438,88.77065512639732,0.833412977335944
259.0,259.0,train,0.00106753083419284,47.01425434632528,0.7031459625863811
260.0,260.0,train,0.0010963090916367888,49.28882392129445,0.7127077629134185
261.0,261.0,train,4.1021665726502493E-4,11.01017711802348,0.3729303648785611
262.0,262.0,train,0.0016103789669167671,90.56570489874203,0.8399238041820675
263.0,263.0,train,8.814089903351322E-4,32.26956735983252,0.6331369020356736
264.0,264.0,train,0.0014509689490213445,79.35889646130543,0.8080934669628715
265.0,265.0,train,8.830764659271343E-4,32.418973821595735,0.6338322048572925
266.0,266.0,train,5.784379836581624E-4,19.024048655783126,0.48215572292149356
267.0,267.0,train,0.0011372143236244763,52.990598114977544,0.7257712417938809
268.0,268.0,train,7.452455946909407E-4,26.759832381650188,0.5716674345175784
269.0,269.0,train,4.612890442939799E-4,13.214482757754023,0.40832750520418315
270.0,270.0,train,4.682396661037162E-4,13.505695417591618,0.41298777871601866
271.0,271.0,train,3.1241762672310115E-4,7.236427921829802,0.2991301770835345
272.0,272.0,train,9.912096371464212E-4,41.025000447959265,0.6762181110296615
273.0,273.0,train,6.064871881012072E-4,20.60772515177115,0.4984198621997191
274.0,274.0,train,0.0014426374797955753,78.6124961325867,0.806265814632239
275.0,275.0,train,7.842496665515857E-5,1.755760069617812,0.08535839076989815
276.0,276.0,train,9.229543119866012E-4,35.17888466432253,0.6500734679268128
277.0,277.0,train,0.0013093049934533678,69.02934577610172,0.774532162071447
278.0,278.0,train,0.0011551732117919477,55.73478535516221,0.7313173161959678
279.0,279.0,train,0.001025877535674341,43.6107512704504,0.6887398898889434
280.0,280.0,train,9.459692456119345E-4,36.872366479060844,0.6591169488641481
281.0,281.0,train,0.0015257920589838592,84.12380607351537,0.8237535581447157
282.0,282.0,train,6.208386976948359E-4,21.541940831998424,0.5065429214419959
283.0,283.0,train,0.0015433878090142196,86.12067575559155,0.8272466563790695
284.0,284.0,train,0.0015140267386991126,83.59362373768643,0.821378598272389
285.0,285.0,train,0.0010578131354405148,46.05743341681531,0.69984582786136
286.0,286.0,train,9.908109072229115E-4,40.99235728817782,0.6760712007301946
287.0,287.0,train,9.114696608285962E-4,34.53843895080346,0.6454713541244095
288.0,288.0,train,9.004505624056254E-4,33.516691577053585,0.6409989111794405
289.0,289.0,train,9.146525170591239E-4,34.70115961065402,0.6467528128878739
290.0,290.0,train,9.471004802458534E-4,37.15988554709421,0.6595553796270959
291.0,291.0,train,8.370265842992791E-4,30.312118372729866,0.6141371546340081
292.0,292.0,train,0.001443151089273707,78.63561999702995,0.806378985531266
293.0,293.0,train,0.0014491543814742131,79.20981800019221,0.8076968844039925
294.0,294.0,train,0.0014034825624531897,76.61711360847944,0.7974406285022653
295.0,295.0,train,0.0010252509632236507,43.52332755045973,0.6885179313192193
296.0,296.0,train,4.597563544317214E-4,13.168562530055514,0.4072948942723754
297.0,297.0,train,4.953595471578994E-4,14.999379942507431,0.4308228423635888
298.0,298.0,train,9.76886191362081E-4,39.55050327998863,0.6708986729140589
299.0,299.0,train,4.532556381509877E-4,12.96271640615084,0.40289513215667594
300.0,300.0,train,9.829903786044113E-4,40.53072523919002,0.6731762479618555
301.0,301.0,train,3.993415486923279E-4,10.36395075362111,0.3651237789986175
302.0,302.0,train,3.539613126955829E-4,8.849942495523806,0.33148522073307873
303.0,303.0,train,6.964672148366842E-4,24.36554692274338,0.5472254188676668
304.0,304.0,train,0.0011663450120076289,56.850930897963,0.7347106624306534
305.0,305.0,train,0.0011550189845440128,55.50373527295197,0.7312701684166087
306.0,306.0,train,0.0011404344687880837,53.47607571504522,0.726774044557544
307.0,307.0,train,5.825502446334568E-7,0.03136163095860565,6.625395900707876E-4
308.0,308.0,train,0.0013609741115815442,72.83041834850646,0.7874038622625034
309.0,309.0,train,5.814010882697852E-4,19.151344667789964,0.48389847939237307
310.0,310.0,train,0.0012249354507034055,61.61370227464913,0.751817699798796
311.0,311.0,train,0.0012307520894211733,62.555743938366376,0.7534546258791781
312.0,312.0,train,0.0011150259592547416,50.52932530857368,0.7187606657696741
313.0,313.0,train,0.001019503307802758,42.69117961935764,0.6864744680610617
314.0,314.0,train,0.0011632210863164174,56.54665016751364,0.7337661344586384
315.0,315.0,train,0.0010949983274588712,49.17062279911581,0.7122790222579671
316.0,316.0,train,0.001652872567062864,93.79063760898013,0.8474785017239108
317.0,317.0,train,0.001634149316110853,91.81570055365182,0.8441947646380565
318.0,318.0,train,0.0011490957645275016,54.58148351185109,0.7294531462546257
319.0,319.0,train,0.0014906723870840826,81.56013740142069,0.8165690308167743
320.0,320.0,train,9.245353440463162E-4,35.27347347000368,0.6507023212716774
321.0,321.0,train,8.492999708033323E-4,30.936483301744286,0.6194876152623372
322.0,322.0,train,6.686894376333771E-4,23.23219897525107,0.5326881666841428
323.0,323.0,train,8.02725305398289E-4,29.32170505861759,0.5987815416606217
324.0,324.0,train,0.0012275097847875079,61.94899849495269,0.7525435086234127
325.0,325.0,train,2.744241954115118E-4,6.166544774937789,0.2681710902713532
326.0,326.0,train,4.3693909487647686E-4,12.468754679368958,0.39170749727180665
327.0,327.0,train,4.963409073263399E-4,15.048180479603598,0.4314579624170882
328.0,328.0,train,9.046346299390964E-4,33.77774076187375,0.6427037509229245
329.0,329.0,train,6.029807461060672E-4,20.430456151703712,0.49641494758481264
330.0,330.0,train,5.088845736401168E-4,15.58637750382538,0.43951386598677
331.0,331.0,train,3.4789479664599414E-4,8.530837669360155,0.3268553135530894
332.0,332.0,train,0.0016125929382975435,90.84326397255815,0.8403264973625442
333.0,333.0,train,9.800525264327174E-4,40.03983244564534,0.6720820601083629
334.0,334.0,train,0.0015526491566450885,86.89569798831688,0.8290573169234443
335.0,335.0,train,0.0010216967423525335,42.839969260442,0.6872558766531858
336.0,336.0,train,0.0010858287855659357,48.21279043748754,0.709261789720403
337.0,337.0,train,0.0013322652502411418,70.60784335961097,0.7803454765591658
338.0,338.0,train,5.790508669454238E-4,19.050379596158873,0.48251667364166495
339.0,339.0,train,4.3056805125308363E-4,12.05171782513217,0.3872824258578893
340.0,340.0,train,6.067421834778059E-4,20.630387163620746,0.4985653518154355
341.0,341.0,train,2.695963456060838E-4,6.047635453333674,0.2641404047984619
342.0,342.0,train,9.088957506859127E-4,34.18716970596642,0.6444316659724387
343.0,343.0,train,1.0765764417231902E-4,2.3204405434454136,0.1152769118782031
344.0,344.0,train,0.001106684985910898,50.193119872389886,0.7160791683918388
345.0,345.0,train,0.0010224561920753345,43.04358865216083,0.6875259756273678
346.0,346.0,train,9.801081105657893E-4,40.048750557368066,0.6721027960917259
347.0,347.0,train,0.0011539691092641753,55.30664994550248,0.730948998146723
348.0,348.0,train,3.0229468564821967E-4,6.7780209766599935,0.2910117919622933
349.0,349.0,train,9.095944209758319E-4,34.26517822777146,0.6447141833166152
350.0,350.0,train,0.0012298087048315646,62.30881343144604,0.7531898727695774
351.0,351.0,train,0.0011291821649574722,52.07388725104747,0.7232538347184971
352.0,352.0,train,0.0013865681565698206,75.10079334973473,0.793504975789207
353.0,353.0,train,7.02772923566847E-4,24.784072288640516,0.5504619622530522
354.0,354.0,train,1.0915633239917662E-4,2.3520372884673337,0.11678411164881941
355.0,355.0,train,0.0011566725204846032,56.00576176584275,0.7317752289565789
356.0,356.0,train,0.0011278970170695729,51.847678243636125,0.7228489097088788
357.0,357.0,train,0.0014436205815591596,78.77969152771101,0.8064823776238137
358.0,358.0,train,9.507520470287958E-4,37.81538933463067,0.6609667671946197
359.0,359.0,train,3.3260200602319056E-4,8.018370599419498,0.3150412035893607
360.0,360.0,train,5.523485354287245E-4,17.54839951629177,0.46655489494721336
361.0,361.0,train,0.0012248112358956593,61.573117159280386,0.7517826248360838
362.0,362.0,train,6.787162585201265E-4,23.771031823643117,0.5379886767655023
363.0,363.0,train,9.674289697776405E-4,39.04980942540206,0.6673386400286099
364.0,364.0,train,9.505643423887546E-4,37.78015927913245,0.6608943592856759
365.0,365.0,train,3.322319611887872E-4,8.000580604859271,0.31475277881031893
366.0,366.0,train,8.167418726515477E-4,29.5661297322634,0.6051288091060274
367.0,367.0,train,7.798073185239454E-4,28.05808718932057,0.5881828121437704
368.0,368.0,train,5.082455315277972E-4,15.533120571339568,0.4391062280566389
369.0,369.0,train,5.594643729917734E-4,17.823884938856573,0.47085601302688096
370.0,370.0,train,3.834189248749893E-4,9.805751006983966,0.3535182324454429
371.0,371.0,train,3.370229572182363E-4,8.133180675786718,0.31847765972174935
372.0,372.0,train,9.916429740595674E-4,41.052827185917586,0.6763776965714523
373.0,373.0,train,0.0013658530630331624,73.30870408406403,0.7885806535825511
374.0,374.0,train,3.6704482693448065E-4,9.277373047009808,0.3413623233627133
375.0,375.0,train,3.160104365567293E-4,7.349717058509595,0.3019891277501323
376.0,376.0,train,0.00109880204236099,49.51744782168921,0.7135214252493465
377.0,377.0,train,3.820637225553237E-4,9.764201592095807,0.35252072163496173
378.0,378.0,train,4.761201802529317E-4,14.033409258260352,0.4182271437879119
379.0,379.0,train,0.0014904322274751976,81.55049126955947,0.8165189058250324
380.0,380.0,train,4.302916451353978E-4,12.03355878790684,0.38708971835279815
381.0,381.0,train,3.049049369676776E-4,6.902182395565412,0.29311411282056343
382.0,382.0,train,4.0850530146284604E-4,10.874600459178845,0.371708280231842
383.0,383.0,train,0.0010966251665979168,49.31749682370997,0.7128110529082887
384.0,384.0,train,0.0016791006318015007,95.07140277431445,0.8519624051949373
385.0,385.0,train,3.9810247895292865E-4,10.328920141756576,0.3642281806002009
386.0,386.0,train,0.001215299057609995,60.5963482628108,0.7490818612280494
387.0,387.0,train,0.0013606979309066717,72.7614202421195,0.7873370526055345
388.0,388.0,train,0.0013455085256968355,71.81385414817163,0.7836301359103378
389.0,389.0,train,0.001361811486293509,73.03555890879875,0.7876062996447596
390.0,390.0,train,4.548992692236846E-4,13.02304159708904,0.4040106366414221
391.0,391.0,train,0.0014340705396272558,78.05953044469754,0.8043683552394086
392.0,392.0,train,0.0014014018169441114,76.35635894062939,0.7969605549280951
393.0,393.0,train,0.0011312601403979795,52.29987843346365,0.723907312947226
394.0,394.0,train,6.012037251709924E-4,20.37560599625745,0.4953958241043731
395.0,395.0,train,0.0010663806164446172,46.81134111599397,0.7027572491385748
396.0,396.0,train,0.001100338660740594,49.7095548643464,0.7140218064280773
397.0,397.0,train,0.0011045490001101983,50.05909913858748,0.7153883788308829
398.0,398.0,train,3.8754698079880394E-4,9.932320931739794,0.3565472709185814
399.0,399.0,train,3.7104991612867306E-4,9.49253858726611,0.3443566009111947
400.0,400.0,train,3.295144668077255E-4,7.869935430022117,0.3126309526030504
401.0,401.0,train,2.168555285562746E-4,4.339281069268851,0.21863545018108677
402.0,402.0,train,2.3289817747043965E-4,4.936567255774243,0.23276716625199023
403.0,403.0,train,3.4435986576899927E-4,8.373178862517218,0.3241427165173443
404.0,404.0,train,2.264031513369723E-4,4.792474925063204,0.22707685540905198
405.0,405.0,train,0.0012759103058497723,65.80595818987837,0.7658012329787118
406.0,406.0,train,0.0010900656576492674,48.55192044286149,0.7106598424120318
407.0,407.0,train,4.846107074429277E-4,14.310526933723894,0.4238197547409206
408.0,408.0,train,0.0012513091999979925,64.29140701302016,0.7591538094234849
409.0,409.0,train,0.001717745577607553,97.03771775393068,0.8583299938650745
410.0,410.0,train,0.0015346573396926293,84.8891208244196,0.8255222285874789
411.0,411.0,train,0.0015869368102954737,89.561803167251,0.8355971636081223
412.0,412.0,train,0.0015727509419853733,88.61342310311394,0.8329223295151017
413.0,413.0,train,0.0011510991007513721,54.90793177408971,0.730069065628143
414.0,414.0,train,4.701694058775768E-4,13.630207088801143,0.4142751137823575
415.0,415.0,train,8.724650983048521E-4,31.70759713171697,0.6293848888888571
416.0,416.0,train,0.0010871738614947433,48.30620914274908,0.7097063585558426
417.0,417.0,train,0.0016556779639688194,94.12117453613129,0.8479645225225083
418.0,418.0,train,0.0016513527042722794,93.55356070312195,0.8472145446357825
419.0,419.0,train,0.0016831364380757267,95.6251525778263,0.8526405587456483
420.0,420.0,train,9.425917991429729E-4,36.44628130871526,0.6578045952050844
421.0,421.0,train,0.0015845192613211901,89.40327782225447,0.8351443657937265
422.0,422.0,train,0.001536930462864061,85.35090171461394,0.8259728626178023
423.0,423.0,train,0.0011893621896533692,58.306354013202984,0.7415674444137792
424.0,424.0,train,0.0015546577651241447,87.36133526431799,0.8294475032436632
425.0,425.0,train,0.0015021000982783114,82.42567476608494,0.8189384078085085
426.0,426.0,train,5.536070994369899E-4,17.593042348587048,0.4673181619912111
427.0,427.0,train,0.0014295708600806434,77.77312424556364,0.8033643056909705
428.0,428.0,train,0.001414061087035284,77.00312257065863,0.7998638272743392
429.0,429.0,train,0.0017322045855513093,97.85733839937338,0.8606413753449251
430.0,430.0,train,0.0011627680326734438,56.44643396536524,0.7336288734428789
431.0,431.0,train,0.0016378645547403226,92.1436978437554,0.8448519283974384
432.0,432.0,train,0.0014597830760758796,80.35117825347622,0.8100082331547545
433.0,433.0,train,0.0015115708883220436,83.26789768615036,0.8208788346984222
434.0,434.0,train,0.0016551147581293493,94.0548166075484,0.8478670743743901
435.0,435.0,train,0.0013415926153771132,71.27703404045133,0.7826640413647687
436.0,436.0,train,0.0017251890451654116,97.33790385731496,0.85952463644593
437.0,437.0,train,0.0012920073117476587,67.85922524594842,0.770051159682795
438.0,438.0,train,0.0015511780032836568,86.58529655979125,0.8287709688199901
439.0,439.0,train,0.0015537769665115578,87.0508367090991,0.8292765116843239
440.0,440.0,train,0.0015355539765096638,85.14535883747708,0.8257001210454692
441.0,441.0,train,0.001557577520938485,87.51775027765372,0.8300130986260391
442.0,442.0,train,0.0017191485089018412,97.16527664969749,0.8585559323062539
443.0,443.0,train,0.0017128589677094179,96.30736257880967,0.8575401964452324
444.0,444.0,train,0.0017128741712753935,96.30969141223514,0.8575426605343024
445.0,445.0,train,0.0017411221391024783,98.15180590062437,0.8620480729697402
446.0,446.0,train,0.0016462411690451604,93.0169218667274,0.8463234596665774
447.0,447.0,train,0.001663851022094345,94.78523945889458,0.8493716528799686
